{"mean":{"confidence_interval":{"confidence_level":0.95,"lower_bound":-0.11140108135649864,"upper_bound":0.036968006643978465},"point_estimate":-0.0431640980004947,"standard_error":0.03748220560334916},"median":{"confidence_interval":{"confidence_level":0.95,"lower_bound":-0.056101146286864655,"upper_bound":0.007552570688873647},"point_estimate":-0.026216059609087572,"standard_error":0.016042124820125833}}