{"mean":{"confidence_interval":{"confidence_level":0.95,"lower_bound":24508332.0,"upper_bound":27182638.0125},"point_estimate":25655121.0,"standard_error":689272.0076623814},"median":{"confidence_interval":{"confidence_level":0.95,"lower_bound":24830825.0,"upper_bound":25416425.0},"point_estimate":25040075.0,"standard_error":160793.51821436264},"median_abs_dev":{"confidence_interval":{"confidence_level":0.95,"lower_bound":1485250.121131541,"upper_bound":3280067.116767168},"point_estimate":2366896.727979183,"standard_error":494722.9703616657},"slope":null,"std_dev":{"confidence_interval":{"confidence_level":0.95,"lower_bound":3271737.541185575,"upper_bound":10789105.644131318},"point_estimate":6902862.767393224,"standard_error":2441627.224525416}}